"level","dpa_code","parent_dpa_code","name","parish_type"
"PROVINCE","01","","Azuay",""
"PROVINCE","02","","Bolívar",""
"PROVINCE","03","","Cañar",""
"PROVINCE","04","","Carchi",""
"PROVINCE","05","","Cotopaxi",""
"PROVINCE","06","","Chimborazo",""
"PROVINCE","07","","El Oro",""
"PROVINCE","08","","Esmeraldas",""
"PROVINCE","09","","Guayas",""
"PROVINCE","10","","Imbabura",""
"PROVINCE","11","","Loja",""
"PROVINCE","12","","Los Ríos",""
"PROVINCE","13","","Manabí",""
"PROVINCE","14","","Morona Santiago",""
"PROVINCE","15","","Napo",""
"PROVINCE","16","","Pastaza",""
"PROVINCE","17","","Pichincha",""
"PROVINCE","18","","Tungurahua",""
"PROVINCE","19","","Zamora Chinchipe",""
"PROVINCE","20","","Galápagos",""
"PROVINCE","21","","Sucumbíos",""
"PROVINCE","22","","Orellana",""
"PROVINCE","23","","Santo Domingo de los Tsáchilas",""
"PROVINCE","24","","Santa Elena",""
"CANTON","0101","01","Cuenca",""
"CANTON","0102","01","Girón",""
"CANTON","0103","01","Gualaceo",""
"CANTON","0104","01","Nabón",""
"CANTON","0105","01","Paute",""
"CANTON","0106","01","Pucara",""
"CANTON","0107","01","San Fernando",""
"CANTON","0108","01","Santa Isabel",""
"CANTON","0109","01","Sígsig",""
"CANTON","0110","01","Oña",""
"CANTON","0111","01","Chordeleg",""
"CANTON","0112","01","El Pan",""
"CANTON","0113","01","Sevilla de Oro",""
"CANTON","0114","01","Guachapala",""
"CANTON","0115","01","Camilo Ponce Enríquez",""
"CANTON","0201","02","Guaranda",""
"CANTON","0202","02","Chillanes",""
"CANTON","0203","02","Chimbo",""
"CANTON","0204","02","Echeandía",""
"CANTON","0205","02","San Miguel",""
"CANTON","0206","02","Caluma",""
"CANTON","0207","02","Las Naves",""
"CANTON","0301","03","Azogues",""
"CANTON","0302","03","Biblián",""
"CANTON","0303","03","Cañar",""
"CANTON","0304","03","La Troncal",""
"CANTON","0305","03","El Tambo",""
"CANTON","0306","03","Déleg",""
"CANTON","0307","03","Suscal",""
"CANTON","0401","04","Tulcán",""
"CANTON","0402","04","Bolívar",""
"CANTON","0403","04","Espejo",""
"CANTON","0404","04","Mira",""
"CANTON","0405","04","Montúfar",""
"CANTON","0406","04","San Pedro de Huaca",""
"CANTON","0501","05","Latacunga",""
"CANTON","0502","05","La Maná",""
"CANTON","0503","05","Pangua",""
"CANTON","0504","05","Pujili",""
"CANTON","0505","05","Salcedo",""
"CANTON","0506","05","Saquisilí",""
"CANTON","0507","05","Sigchos",""
"CANTON","0601","06","Riobamba",""
"CANTON","0602","06","Alausi",""
"CANTON","0603","06","Colta",""
"CANTON","0604","06","Chambo",""
"CANTON","0605","06","Chunchi",""
"CANTON","0606","06","Guamote",""
"CANTON","0607","06","Guano",""
"CANTON","0608","06","Pallatanga",""
"CANTON","0609","06","Penipe",""
"CANTON","0610","06","Cumandá",""
"CANTON","0701","07","Machala",""
"CANTON","0702","07","Arenillas",""
"CANTON","0703","07","Atahualpa",""
"CANTON","0704","07","Balsas",""
"CANTON","0705","07","Chilla",""
"CANTON","0706","07","El Guabo",""
"CANTON","0707","07","Huaquillas",""
"CANTON","0708","07","Marcabelí",""
"CANTON","0709","07","Pasaje",""
"CANTON","0710","07","Piñas",""
"CANTON","0711","07","Portovelo",""
"CANTON","0712","07","Santa Rosa",""
"CANTON","0713","07","Zaruma",""
"CANTON","0714","07","Las Lajas",""
"CANTON","0801","08","Esmeraldas",""
"CANTON","0802","08","Eloy Alfaro",""
"CANTON","0803","08","Muisne",""
"CANTON","0804","08","Quinindé",""
"CANTON","0805","08","San Lorenzo",""
"CANTON","0806","08","Atacames",""
"CANTON","0807","08","Ríoverde",""
"CANTON","0901","09","Guayaquil",""
"CANTON","0902","09","Alfredo Baquerizo Moreno",""
"CANTON","0903","09","Balao",""
"CANTON","0904","09","Balzar",""
"CANTON","0905","09","Colimes",""
"CANTON","0906","09","Daule",""
"CANTON","0907","09","Durán",""
"CANTON","0908","09","El Empalme",""
"CANTON","0909","09","El Triunfo",""
"CANTON","0910","09","Milagro",""
"CANTON","0911","09","Naranjal",""
"CANTON","0912","09","Naranjito",""
"CANTON","0913","09","Palestina",""
"CANTON","0914","09","Pedro Carbo",""
"CANTON","0916","09","Samborondón",""
"CANTON","0918","09","Santa Lucía",""
"CANTON","0919","09","Salitre",""
"CANTON","0920","09","San Jacinto de Yaguachi",""
"CANTON","0921","09","Playas",""
"CANTON","0922","09","Simón Bolívar",""
"CANTON","0923","09","Coronel Marcelino Maridueña",""
"CANTON","0924","09","Lomas de Sargentillo",""
"CANTON","0925","09","Nobol",""
"CANTON","0927","09","General Antonio Elizalde",""
"CANTON","0928","09","Isidro Ayora",""
"CANTON","1001","10","Ibarra",""
"CANTON","1002","10","Antonio Ante",""
"CANTON","1003","10","Cotacachi",""
"CANTON","1004","10","Otavalo",""
"CANTON","1005","10","Pimampiro",""
"CANTON","1006","10","San Miguel de Urcuquí",""
"CANTON","1101","11","Loja",""
"CANTON","1102","11","Calvas",""
"CANTON","1103","11","Catamayo",""
"CANTON","1104","11","Celica",""
"CANTON","1105","11","Chaguarpamba",""
"CANTON","1106","11","Espíndola",""
"CANTON","1107","11","Gonzanamá",""
"CANTON","1108","11","Macará",""
"CANTON","1109","11","Paltas",""
"CANTON","1110","11","Puyango",""
"CANTON","1111","11","Saraguro",""
"CANTON","1112","11","Sozoranga",""
"CANTON","1113","11","Zapotillo",""
"CANTON","1114","11","Pindal",""
"CANTON","1115","11","Quilanga",""
"CANTON","1116","11","Olmedo",""
"CANTON","1201","12","Babahoyo",""
"CANTON","1202","12","Baba",""
"CANTON","1203","12","Montalvo",""
"CANTON","1204","12","Puebloviejo",""
"CANTON","1205","12","Quevedo",""
"CANTON","1206","12","Urdaneta",""
"CANTON","1207","12","Ventanas",""
"CANTON","1208","12","Vinces",""
"CANTON","1209","12","Palenque",""
"CANTON","1210","12","Buena Fé",""
"CANTON","1211","12","Valencia",""
"CANTON","1212","12","Mocache",""
"CANTON","1213","12","Quinsaloma",""
"CANTON","1301","13","Portoviejo",""
"CANTON","1302","13","Bolívar",""
"CANTON","1303","13","Chone",""
"CANTON","1304","13","El Carmen",""
"CANTON","1305","13","Flavio Alfaro",""
"CANTON","1306","13","Jipijapa",""
"CANTON","1307","13","Junín",""
"CANTON","1308","13","Manta",""
"CANTON","1309","13","Montecristi",""
"CANTON","1310","13","Paján",""
"CANTON","1311","13","Pichincha",""
"CANTON","1312","13","Rocafuerte",""
"CANTON","1313","13","Santa Ana",""
"CANTON","1314","13","Sucre",""
"CANTON","1315","13","Tosagua",""
"CANTON","1316","13","24 de Mayo",""
"CANTON","1317","13","Pedernales",""
"CANTON","1318","13","Olmedo",""
"CANTON","1319","13","Puerto López",""
"CANTON","1320","13","Jama",""
"CANTON","1321","13","Jaramijó",""
"CANTON","1322","13","San Vicente",""
"CANTON","1401","14","Morona",""
"CANTON","1402","14","Gualaquiza",""
"CANTON","1403","14","Limón Indanza",""
"CANTON","1404","14","Palora",""
"CANTON","1405","14","Santiago",""
"CANTON","1406","14","Sucúa",""
"CANTON","1407","14","Huamboya",""
"CANTON","1408","14","San Juan Bosco",""
"CANTON","1409","14","Taisha",""
"CANTON","1410","14","Logroño",""
"CANTON","1411","14","Pablo Sexto",""
"CANTON","1412","14","Tiwintza",""
"CANTON","1413","14","Sevilla Don Bosco",""
"CANTON","1501","15","Tena",""
"CANTON","1503","15","Archidona",""
"CANTON","1504","15","El Chaco",""
"CANTON","1507","15","Quijos",""
"CANTON","1509","15","Carlos Julio Arosemena Tola",""
"CANTON","1601","16","Pastaza",""
"CANTON","1602","16","Mera",""
"CANTON","1603","16","Santa Clara",""
"CANTON","1604","16","Arajuno",""
"CANTON","1701","17","Distrito Metropolitano de Quito",""
"CANTON","1702","17","Cayambe",""
"CANTON","1703","17","Mejia",""
"CANTON","1704","17","Pedro Moncayo",""
"CANTON","1705","17","Rumiñahui",""
"CANTON","1707","17","San Miguel de los Bancos",""
"CANTON","1708","17","Pedro Vicente Maldonado",""
"CANTON","1709","17","Puerto Quito",""
"CANTON","1801","18","Ambato",""
"CANTON","1802","18","Baños de Agua Santa",""
"CANTON","1803","18","Cevallos",""
"CANTON","1804","18","Mocha",""
"CANTON","1805","18","Patate",""
"CANTON","1806","18","Quero",""
"CANTON","1807","18","San Pedro de Pelileo",""
"CANTON","1808","18","Santiago de Píllaro",""
"CANTON","1809","18","Tisaleo",""
"CANTON","1901","19","Zamora",""
"CANTON","1902","19","Chinchipe",""
"CANTON","1903","19","Nangaritza",""
"CANTON","1904","19","Yacuambi",""
"CANTON","1905","19","Yantzaza",""
"CANTON","1906","19","El Pangui",""
"CANTON","1907","19","Centinela del Cóndor",""
"CANTON","1908","19","Palanda",""
"CANTON","1909","19","Paquisha",""
"CANTON","2001","20","San Cristóbal",""
"CANTON","2002","20","Isabela",""
"CANTON","2003","20","Santa Cruz",""
"CANTON","2101","21","Lago Agrio",""
"CANTON","2102","21","Gonzalo Pizarro",""
"CANTON","2103","21","Putumayo",""
"CANTON","2104","21","Shushufindi",""
"CANTON","2105","21","Sucumbíos",""
"CANTON","2106","21","Cascales",""
"CANTON","2107","21","Cuyabeno",""
"CANTON","2201","22","Francisco de Orellana",""
"CANTON","2202","22","Aguarico",""
"CANTON","2203","22","La Joya de los Sachas",""
"CANTON","2204","22","Loreto",""
"CANTON","2301","23","Santo Domingo",""
"CANTON","2302","23","La Concordia",""
"CANTON","2401","24","Santa Elena",""
"CANTON","2402","24","La Libertad",""
"CANTON","2403","24","Salinas",""
"PARISH","010101","0101","Bellavista","URBAN"
"PARISH","010102","0101","Cañaribamba","URBAN"
"PARISH","010103","0101","El Batán","URBAN"
"PARISH","010104","0101","El Sagrario","URBAN"
"PARISH","010105","0101","El Vecino","URBAN"
"PARISH","010106","0101","Gil Ramírez Dávalos","URBAN"
"PARISH","010107","0101","Huaynacápac","URBAN"
"PARISH","010108","0101","Machángara","URBAN"
"PARISH","010109","0101","Monay","URBAN"
"PARISH","010110","0101","San Blas","URBAN"
"PARISH","010111","0101","San Sebastián","URBAN"
"PARISH","010112","0101","Sucre","URBAN"
"PARISH","010113","0101","Totoracocha","URBAN"
"PARISH","010114","0101","Yanuncay","URBAN"
"PARISH","010115","0101","Hermano Miguel","URBAN"
"PARISH","010150","0101","Cuenca","URBAN"
"PARISH","010151","0101","Baños","RURAL"
"PARISH","010152","0101","Cumbe","RURAL"
"PARISH","010153","0101","Chaucha","RURAL"
"PARISH","010154","0101","Checa","RURAL"
"PARISH","010155","0101","Chiquintad","RURAL"
"PARISH","010156","0101","Llacao","RURAL"
"PARISH","010157","0101","Molleturo","RURAL"
"PARISH","010158","0101","Nulti","RURAL"
"PARISH","010159","0101","Octavio Cordero Palacios","RURAL"
"PARISH","010160","0101","Paccha","RURAL"
"PARISH","010161","0101","Quingeo","RURAL"
"PARISH","010162","0101","Ricaurte","RURAL"
"PARISH","010163","0101","San Joaquín","RURAL"
"PARISH","010164","0101","Santa Ana","RURAL"
"PARISH","010165","0101","Sayausí","RURAL"
"PARISH","010166","0101","Sidcay","RURAL"
"PARISH","010167","0101","Sinincay","RURAL"
"PARISH","010168","0101","Tarqui","RURAL"
"PARISH","010169","0101","Turi","RURAL"
"PARISH","010170","0101","Valle","RURAL"
"PARISH","010171","0101","Victoria del Portete (Cab. en Irquis)","RURAL"
"PARISH","010250","0102","Girón","URBAN"
"PARISH","010251","0102","La Asunción","RURAL"
"PARISH","010252","0102","San Gerardo (Cab. en San Gerardo de Huahualpata)","RURAL"
"PARISH","010350","0103","Gualaceo","URBAN"
"PARISH","010352","0103","Daniel Córdova Toral","RURAL"
"PARISH","010353","0103","Jadán","RURAL"
"PARISH","010354","0103","Mariano Moreno","RURAL"
"PARISH","010356","0103","Remigio Crespo Toral","RURAL"
"PARISH","010357","0103","San Juan","RURAL"
"PARISH","010358","0103","Zhidmad","RURAL"
"PARISH","010359","0103","Luis Cordero Vega","RURAL"
"PARISH","010360","0103","Simón Bolívar","RURAL"
"PARISH","010450","0104","Nabón","URBAN"
"PARISH","010451","0104","Cochapata","RURAL"
"PARISH","010452","0104","El Progreso (Cab. en Zhota)","RURAL"
"PARISH","010453","0104","Las Nieves","RURAL"
"PARISH","010550","0105","Paute","URBAN"
"PARISH","010552","0105","Bulán","RURAL"
"PARISH","010553","0105","Chicán","RURAL"
"PARISH","010554","0105","El Cabo","RURAL"
"PARISH","010556","0105","Guarainag","RURAL"
"PARISH","010559","0105","San Cristóbal","RURAL"
"PARISH","010561","0105","Tomebamba","RURAL"
"PARISH","010562","0105","Dug Dug (Cab. en Dug - Dug)","RURAL"
"PARISH","010650","0106","Pucará","URBAN"
"PARISH","010652","0106","San Rafael de Sharug","RURAL"
"PARISH","010750","0107","San Fernando","URBAN"
"PARISH","010751","0107","Chumblín","RURAL"
"PARISH","010850","0108","Santa Isabel","URBAN"
"PARISH","010851","0108","Abdón Calderón","RURAL"
"PARISH","010852","0108","El Carmen de Pijilí","RURAL"
"PARISH","010853","0108","Shaglli","RURAL"
"PARISH","010854","0108","San Salvador de Cañaribamba","RURAL"
"PARISH","010950","0109","Sígsig","URBAN"
"PARISH","010951","0109","Cuchil","RURAL"
"PARISH","010952","0109","Jima","RURAL"
"PARISH","010953","0109","Güel","RURAL"
"PARISH","010954","0109","Ludo","RURAL"
"PARISH","010955","0109","San Bartolomé","RURAL"
"PARISH","010956","0109","San José de Raranga","RURAL"
"PARISH","011050","0110","San Felipe de Oña","URBAN"
"PARISH","011051","0110","Susudel","RURAL"
"PARISH","011150","0111","Chordeleg","URBAN"
"PARISH","011151","0111","Principal","RURAL"
"PARISH","011152","0111","La Unión","RURAL"
"PARISH","011153","0111","Luis Galarza Orellana (Cab. en Delegsol)","RURAL"
"PARISH","011154","0111","San Martín de Puzhio","RURAL"
"PARISH","011250","0112","El Pan","URBAN"
"PARISH","011253","0112","San Vicente","RURAL"
"PARISH","011350","0113","Sevilla de Oro","URBAN"
"PARISH","011351","0113","Amaluza","RURAL"
"PARISH","011352","0113","Palmas","RURAL"
"PARISH","011450","0114","Guachapala","URBAN"
"PARISH","011550","0115","Camilo Ponce Enríquez","URBAN"
"PARISH","020101","0201","Ángel Polibio Cháves","URBAN"
"PARISH","020102","0201","Gabriel Ignacio Veintimilla","URBAN"
"PARISH","020103","0201","Guanujo","URBAN"
"PARISH","020150","0201","Guaranda","URBAN"
"PARISH","020151","0201","Facundo Vela","RURAL"
"PARISH","020153","0201","Julio E. Moreno (Cab. en Catanaguan - Espino)","RURAL"
"PARISH","020155","0201","Salinas","RURAL"
"PARISH","020156","0201","San Lorenzo","RURAL"
"PARISH","020157","0201","San Simón","RURAL"
"PARISH","020158","0201","Santa Fe","RURAL"
"PARISH","020159","0201","Simiátug","RURAL"
"PARISH","020160","0201","San Luis de Pambil","RURAL"
"PARISH","020250","0202","Chillanes","URBAN"
"PARISH","020251","0202","San José del Tambo (Cab. en Tambopamba)","RURAL"
"PARISH","020350","0203","San José de Chimbo","URBAN"
"PARISH","020351","0203","Asunción","RURAL"
"PARISH","020353","0203","La Magdalena","RURAL"
"PARISH","020354","0203","San Sebastián","RURAL"
"PARISH","020355","0203","Telimbela","RURAL"
"PARISH","020450","0204","Echeandía","URBAN"
"PARISH","020550","0205","San Miguel","URBAN"
"PARISH","020551","0205","Balsapamba","RURAL"
"PARISH","020552","0205","Bilován","RURAL"
"PARISH","020553","0205","Régulo de Mora","RURAL"
"PARISH","020554","0205","San Pablo","RURAL"
"PARISH","020555","0205","Santiago","RURAL"
"PARISH","020556","0205","San Vicente","RURAL"
"PARISH","020650","0206","Caluma","URBAN"
"PARISH","020701","0207","Las Mercedes","URBAN"
"PARISH","020702","0207","Las Naves","URBAN"
"PARISH","020750","0207","Las Naves","URBAN"
"PARISH","030101","0301","Aurelio Bayas Martínez","URBAN"
"PARISH","030102","0301","Azogues","URBAN"
"PARISH","030103","0301","Borrero","URBAN"
"PARISH","030104","0301","San Francisco","URBAN"
"PARISH","030150","0301","Azogues","URBAN"
"PARISH","030151","0301","Cojitambo","RURAL"
"PARISH","030153","0301","Guapán","RURAL"
"PARISH","030154","0301","Javier Loyola","RURAL"
"PARISH","030155","0301","Luis Cordero","RURAL"
"PARISH","030156","0301","Pindilig","RURAL"
"PARISH","030157","0301","Rivera","RURAL"
"PARISH","030158","0301","San Miguel","RURAL"
"PARISH","030160","0301","Taday","RURAL"
"PARISH","030250","0302","Biblián","URBAN"
"PARISH","030251","0302","Nazón (Cab. en Pampa de Domínguez)","RURAL"
"PARISH","030252","0302","San Francisco de Sageo","RURAL"
"PARISH","030253","0302","Turupamba","RURAL"
"PARISH","030254","0302","Jerusalén","RURAL"
"PARISH","030350","0303","Cañar","URBAN"
"PARISH","030351","0303","Chontamarca","RURAL"
"PARISH","030352","0303","Chorocopte","RURAL"
"PARISH","030353","0303","General Morales","RURAL"
"PARISH","030354","0303","Gualleturo","RURAL"
"PARISH","030355","0303","Honorato Vásquez","RURAL"
"PARISH","030356","0303","Ingapirca","RURAL"
"PARISH","030357","0303","Juncal","RURAL"
"PARISH","030358","0303","San Antonio","RURAL"
"PARISH","030361","0303","Zhud","RURAL"
"PARISH","030362","0303","Ventura","RURAL"
"PARISH","030363","0303","Ducur","RURAL"
"PARISH","030450","0304","La Troncal","URBAN"
"PARISH","030451","0304","Manuel J. Calle","RURAL"
"PARISH","030452","0304","Pancho Negro","RURAL"
"PARISH","030550","0305","El Tambo","URBAN"
"PARISH","030650","0306","Déleg","URBAN"
"PARISH","030651","0306","Solano","RURAL"
"PARISH","030750","0307","Suscal","URBAN"
"PARISH","040101","0401","González Suárez","URBAN"
"PARISH","040102","0401","Tulcán","URBAN"
"PARISH","040150","0401","Tulcán","URBAN"
"PARISH","040151","0401","El Carmelo","RURAL"
"PARISH","040153","0401","Julio Andrade","RURAL"
"PARISH","040154","0401","Maldonado","RURAL"
"PARISH","040155","0401","Pioter","RURAL"
"PARISH","040156","0401","Tobar Donoso (Cab. en la Bocana de Camumbí)","RURAL"
"PARISH","040157","0401","Tufiño","RURAL"
"PARISH","040158","0401","Urbina","RURAL"
"PARISH","040159","0401","El Chical","RURAL"
"PARISH","040161","0401","Santa Martha de Cuba","RURAL"
"PARISH","040250","0402","Bolívar","URBAN"
"PARISH","040251","0402","García Moreno","RURAL"
"PARISH","040252","0402","Los Andes","RURAL"
"PARISH","040253","0402","Monte Olivo","RURAL"
"PARISH","040254","0402","San Vicente de Pusir","RURAL"
"PARISH","040255","0402","San Rafael","RURAL"
"PARISH","040301","0403","El Ángel","URBAN"
"PARISH","040302","0403","27 de Septiembre","URBAN"
"PARISH","040350","0403","El Ángel","URBAN"
"PARISH","040351","0403","El Goaltal","RURAL"
"PARISH","040352","0403","La Libertad","RURAL"
"PARISH","040353","0403","San Isidro","RURAL"
"PARISH","040450","0404","Mira","URBAN"
"PARISH","040451","0404","Concepción","RURAL"
"PARISH","040452","0404","Jijón y Caamaño (Cab. en Río Blanco)","RURAL"
"PARISH","040453","0404","Juan Montalvo (Cab. en San Ignacio de Quil)","RURAL"
"PARISH","040501","0405","González Suárez","URBAN"
"PARISH","040502","0405","San José","URBAN"
"PARISH","040550","0405","San Gabriel","URBAN"
"PARISH","040551","0405","Cristóbal Colón","RURAL"
"PARISH","040552","0405","Chitán de Navarrete","RURAL"
"PARISH","040553","0405","Fernández Salvador","RURAL"
"PARISH","040554","0405","La Paz","RURAL"
"PARISH","040555","0405","Piartal","RURAL"
"PARISH","040650","0406","Huaca","URBAN"
"PARISH","040651","0406","Mariscal Sucre","RURAL"
"PARISH","050101","0501","Eloy Alfaro (San Felipe)","URBAN"
"PARISH","050102","0501","Ignacio Flores (Parque Flores)","URBAN"
"PARISH","050103","0501","Juan Montalvo (San Sebastián)","URBAN"
"PARISH","050104","0501","La Matriz","URBAN"
"PARISH","050105","0501","San Buenaventura","URBAN"
"PARISH","050150","0501","Latacunga","URBAN"
"PARISH","050151","0501","Aláquez","RURAL"
"PARISH","050152","0501","Belisario Quevedo","RURAL"
"PARISH","050153","0501","Guaytacama","RURAL"
"PARISH","050154","0501","Joseguango Bajo","RURAL"
"PARISH","050156","0501","Mulaló","RURAL"
"PARISH","050157","0501","Once de Noviembre","RURAL"
"PARISH","050158","0501","Poaló","RURAL"
"PARISH","050159","0501","San Juan de Pastocalle","RURAL"
"PARISH","050161","0501","Tanicuchí","RURAL"
"PARISH","050162","0501","Toacaso","RURAL"
"PARISH","050201","0502","El Carmen","URBAN"
"PARISH","050202","0502","La Maná","URBAN"
"PARISH","050203","0502","El Triunfo","URBAN"
"PARISH","050250","0502","La Maná","URBAN"
"PARISH","050251","0502","Guasaganda (Cab. en Guasaganda Centro )","RURAL"
"PARISH","050252","0502","Pucayacu","RURAL"
"PARISH","050350","0503","El Corazón","URBAN"
"PARISH","050351","0503","Moraspungo","RURAL"
"PARISH","050352","0503","Pinllopata","RURAL"
"PARISH","050353","0503","Ramón Campaña","RURAL"
"PARISH","050450","0504","Pujilí","URBAN"
"PARISH","050451","0504","Angamarca","RURAL"
"PARISH","050453","0504","Guangaje","RURAL"
"PARISH","050455","0504","La Victoria","RURAL"
"PARISH","050456","0504","Pilaló","RURAL"
"PARISH","050457","0504","Tingo","RURAL"
"PARISH","050458","0504","Zumbahua","RURAL"
"PARISH","050550","0505","San Miguel","URBAN"
"PARISH","050551","0505","Antonio José Holguín","RURAL"
"PARISH","050552","0505","Cusubamba","RURAL"
"PARISH","050553","0505","Mulalillo","RURAL"
"PARISH","050554","0505","Mulliquindil","RURAL"
"PARISH","050555","0505","Pansaleo (Cab. en Panzaleo )","RURAL"
"PARISH","050650","0506","Saquisilí","URBAN"
"PARISH","050651","0506","Canchagua","RURAL"
"PARISH","050652","0506","Chantilín","RURAL"
"PARISH","050653","0506","Cochapamba","RURAL"
"PARISH","050750","0507","Sigchos","URBAN"
"PARISH","050751","0507","Chugchillán","RURAL"
"PARISH","050752","0507","Isinlivi","RURAL"
"PARISH","050753","0507","Las Pampas","RURAL"
"PARISH","050754","0507","Palo Quemado","RURAL"
"PARISH","060101","0601","Lizarzaburu","URBAN"
"PARISH","060102","0601","Maldonado","URBAN"
"PARISH","060103","0601","Velasco","URBAN"
"PARISH","060104","0601","Veloz","URBAN"
"PARISH","060105","0601","Yaruquíes","URBAN"
"PARISH","060150","0601","Riobamba","URBAN"
"PARISH","060151","0601","Cacha","RURAL"
"PARISH","060152","0601","Calpi","RURAL"
"PARISH","060153","0601","Cubijíes","RURAL"
"PARISH","060154","0601","Flores (Cab. en Lanlán)","RURAL"
"PARISH","060155","0601","Licán","RURAL"
"PARISH","060156","0601","Licto","RURAL"
"PARISH","060157","0601","Pungalá","RURAL"
"PARISH","060158","0601","Punín","RURAL"
"PARISH","060159","0601","Quimiag","RURAL"
"PARISH","060160","0601","San Juan","RURAL"
"PARISH","060161","0601","San Luis","RURAL"
"PARISH","060250","0602","Alausí","URBAN"
"PARISH","060251","0602","Achupallas","RURAL"
"PARISH","060253","0602","Guasuntos","RURAL"
"PARISH","060254","0602","Huigra","RURAL"
"PARISH","060255","0602","Multitud","RURAL"
"PARISH","060256","0602","Pistishi","RURAL"
"PARISH","060257","0602","Pumallacta","RURAL"
"PARISH","060258","0602","Sevilla","RURAL"
"PARISH","060259","0602","Sibambe","RURAL"
"PARISH","060260","0602","Tixán","RURAL"
"PARISH","060301","0603","Cajabamba","URBAN"
"PARISH","060302","0603","Sicalpa","URBAN"
"PARISH","060350","0603","Villa la Unión","URBAN"
"PARISH","060351","0603","Cañi","RURAL"
"PARISH","060352","0603","Columbe","RURAL"
"PARISH","060353","0603","Juan de Velasco","RURAL"
"PARISH","060354","0603","Santiago de Quito (Cab. en San Antonio de Quito)","RURAL"
"PARISH","060450","0604","Chambo","URBAN"
"PARISH","060550","0605","Chunchi","URBAN"
"PARISH","060551","0605","Capzol","RURAL"
"PARISH","060552","0605","Compud","RURAL"
"PARISH","060553","0605","Gonzol","RURAL"
"PARISH","060554","0605","Llagos","RURAL"
"PARISH","060650","0606","Guamote","URBAN"
"PARISH","060651","0606","Cebadas","RURAL"
"PARISH","060652","0606","Palmira","RURAL"
"PARISH","060701","0607","El Rosario","URBAN"
"PARISH","060702","0607","La Matriz","URBAN"
"PARISH","060750","0607","Guano","URBAN"
"PARISH","060751","0607","Guanando","RURAL"
"PARISH","060752","0607","Ilapo","RURAL"
"PARISH","060753","0607","La Providencia","RURAL"
"PARISH","060754","0607","San Andrés","RURAL"
"PARISH","060755","0607","San Gerardo (Cab. en San Gerardo de Pacaicaguán)","RURAL"
"PARISH","060756","0607","San Isidro de Patulú","RURAL"
"PARISH","060757","0607","San José del Chazo","RURAL"
"PARISH","060758","0607","Santa Fé de Galán","RURAL"
"PARISH","060759","0607","Valparaiso","RURAL"
"PARISH","060850","0608","Pallatanga","URBAN"
"PARISH","060950","0609","Penipe","URBAN"
"PARISH","060951","0609","El Altar","RURAL"
"PARISH","060952","0609","Matus","RURAL"
"PARISH","060953","0609","Puela","RURAL"
"PARISH","060954","0609","San Antonio de Bayushig","RURAL"
"PARISH","060955","0609","La Candelaria","RURAL"
"PARISH","060956","0609","Bilbao (Cab.en Quilluyacu)","RURAL"
"PARISH","061050","0610","Cumandá","URBAN"
"PARISH","070101","0701","La Providencia","URBAN"
"PARISH","070102","0701","Machala","URBAN"
"PARISH","070103","0701","Puerto Bolívar","URBAN"
"PARISH","070104","0701","Nueve de Mayo","URBAN"
"PARISH","070105","0701","El Cambio","URBAN"
"PARISH","070150","0701","Machala","URBAN"
"PARISH","070152","0701","El Retiro","RURAL"
"PARISH","070250","0702","Arenillas","URBAN"
"PARISH","070251","0702","Chacras","RURAL"
"PARISH","070254","0702","Palmales","RURAL"
"PARISH","070255","0702","Carcabón","RURAL"
"PARISH","070256","0702","La Cuca","RURAL"
"PARISH","070350","0703","Paccha","URBAN"
"PARISH","070351","0703","Ayapamba","RURAL"
"PARISH","070352","0703","Cordoncillo","RURAL"
"PARISH","070353","0703","Milagro","RURAL"
"PARISH","070354","0703","San José","RURAL"
"PARISH","070355","0703","San Juan de Cerro Azul","RURAL"
"PARISH","070450","0704","Balsas","URBAN"
"PARISH","070451","0704","Bellamaría","RURAL"
"PARISH","070550","0705","Chilla","URBAN"
"PARISH","070650","0706","El Guabo","URBAN"
"PARISH","070651","0706","Barbones","RURAL"
"PARISH","070652","0706","La Iberia","RURAL"
"PARISH","070653","0706","Tendales (Cab.en Puerto Tendales)","RURAL"
"PARISH","070654","0706","Río Bonito","RURAL"
"PARISH","070701","0707","Ecuador","URBAN"
"PARISH","070702","0707","El Paraíso","URBAN"
"PARISH","070703","0707","Hualtaco","URBAN"
"PARISH","070704","0707","Milton Reyes","URBAN"
"PARISH","070705","0707","Unión Lojana","URBAN"
"PARISH","070750","0707","Huaquillas","URBAN"
"PARISH","070850","0708","Marcabelí","URBAN"
"PARISH","070851","0708","El Ingenio","RURAL"
"PARISH","070901","0709","Bolívar","URBAN"
"PARISH","070902","0709","Loma de Franco","URBAN"
"PARISH","070903","0709","Ochoa León (Matriz)","URBAN"
"PARISH","070904","0709","Tres Cerritos","URBAN"
"PARISH","070950","0709","Pasaje","URBAN"
"PARISH","070951","0709","Buenavista","RURAL"
"PARISH","070952","0709","Casacay","RURAL"
"PARISH","070953","0709","La Peaña","RURAL"
"PARISH","070954","0709","Progreso","RURAL"
"PARISH","070955","0709","Uzhcurrumi","RURAL"
"PARISH","070956","0709","Cañaquemada","RURAL"
"PARISH","071001","0710","La Matriz","URBAN"
"PARISH","071002","0710","La Susaya","URBAN"
"PARISH","071003","0710","Piñas Grande","URBAN"
"PARISH","071050","0710","Piñas","URBAN"
"PARISH","071051","0710","Capiro (Cab. en la Capilla de Capiro)","RURAL"
"PARISH","071052","0710","La Bocana","RURAL"
"PARISH","071053","0710","Moromoro (Cab. en El Vado)","RURAL"
"PARISH","071054","0710","Piedras","RURAL"
"PARISH","071055","0710","San Roque","RURAL"
"PARISH","071056","0710","Saracay","RURAL"
"PARISH","071150","0711","Portovelo","URBAN"
"PARISH","071151","0711","Curtincapa","RURAL"
"PARISH","071152","0711","Morales","RURAL"
"PARISH","071153","0711","Salatí","RURAL"
"PARISH","071201","0712","Santa Rosa","URBAN"
"PARISH","071202","0712","Puerto Jelí","URBAN"
"PARISH","071203","0712","Balneario Jambelí (Satélite)","URBAN"
"PARISH","071204","0712","Jumón (Satélite)","URBAN"
"PARISH","071205","0712","Nuevo Santa Rosa","URBAN"
"PARISH","071250","0712","Santa Rosa","URBAN"
"PARISH","071251","0712","Bellavista","RURAL"
"PARISH","071252","0712","Jambelí","RURAL"
"PARISH","071253","0712","La Avanzada","RURAL"
"PARISH","071254","0712","San Antonio","RURAL"
"PARISH","071255","0712","Torata","RURAL"
"PARISH","071256","0712","Victoria","RURAL"
"PARISH","071257","0712","Bellamaría","RURAL"
"PARISH","071350","0713","Zaruma","URBAN"
"PARISH","071351","0713","Abañín","RURAL"
"PARISH","071352","0713","Arcapamba","RURAL"
"PARISH","071353","0713","Guanazán","RURAL"
"PARISH","071354","0713","Guizhaguiña","RURAL"
"PARISH","071355","0713","Huertas","RURAL"
"PARISH","071356","0713","Malvas","RURAL"
"PARISH","071357","0713","Muluncay Grande","RURAL"
"PARISH","071358","0713","Sinsao","RURAL"
"PARISH","071359","0713","Salvias","RURAL"
"PARISH","071401","0714","La Victoria","URBAN"
"PARISH","071402","0714","Platanillos","URBAN"
"PARISH","071403","0714","Valle Hermoso","URBAN"
"PARISH","071450","0714","La Victoria","URBAN"
"PARISH","071451","0714","La Libertad","RURAL"
"PARISH","071452","0714","El Paraíso","RURAL"
"PARISH","071453","0714","San Isidro","RURAL"
"PARISH","080101","0801","Bartolomé Ruiz (César Franco Carrión)","URBAN"
"PARISH","080102","0801","5 de Agosto","URBAN"
"PARISH","080103","0801","Esmeraldas","URBAN"
"PARISH","080104","0801","Luis Tello (las Palmas)","URBAN"
"PARISH","080105","0801","Simón Plata Torres","URBAN"
"PARISH","080150","0801","Esmeraldas","URBAN"
"PARISH","080152","0801","Camarones (Cab. en San Vicente)","RURAL"
"PARISH","080153","0801","Coronel Carlos Concha Torres (Cab.en Huele)","RURAL"
"PARISH","080154","0801","Chinca","RURAL"
"PARISH","080159","0801","Majua","RURAL"
"PARISH","080163","0801","San Mateo","RURAL"
"PARISH","080165","0801","Tabiazo","RURAL"
"PARISH","080166","0801","Tachina","RURAL"
"PARISH","080168","0801","Vuelta Larga","RURAL"
"PARISH","080250","0802","Valdez (Limones)","URBAN"
"PARISH","080251","0802","Anchayacu","RURAL"
"PARISH","080252","0802","Atahualpa (Cab. en Camarones)","RURAL"
"PARISH","080253","0802","Borbón","RURAL"
"PARISH","080254","0802","La Tola","RURAL"
"PARISH","080255","0802","Luis Vargas Torres (Cab. en Playa de Oro)","RURAL"
"PARISH","080256","0802","Maldonado","RURAL"
"PARISH","080257","0802","Pampanal de Bolívar","RURAL"
"PARISH","080258","0802","San Francisco de Onzole","RURAL"
"PARISH","080259","0802","Santo Domingo de Onzole","RURAL"
"PARISH","080260","0802","Selva Alegre","RURAL"
"PARISH","080261","0802","Telembí","RURAL"
"PARISH","080262","0802","Colón Eloy del María (Cab. en Colón Eloy)","RURAL"
"PARISH","080263","0802","San José de Cayapas","RURAL"
"PARISH","080264","0802","Timbiré","RURAL"
"PARISH","080265","0802","Santa Lucía de las Peñas","RURAL"
"PARISH","080350","0803","Muisne","URBAN"
"PARISH","080351","0803","Bolívar","RURAL"
"PARISH","080352","0803","Daule","RURAL"
"PARISH","080353","0803","Galera","RURAL"
"PARISH","080354","0803","Quingue","RURAL"
"PARISH","080355","0803","Sálima","RURAL"
"PARISH","080356","0803","San Francisco","RURAL"
"PARISH","080357","0803","San Gregorio","RURAL"
"PARISH","080358","0803","San José de Chamanga (Cab.en Chamanga)","RURAL"
"PARISH","080450","0804","Rosa Zárate","URBAN"
"PARISH","080451","0804","Cube","RURAL"
"PARISH","080452","0804","Chura (Cab. en El Yerbero)","RURAL"
"PARISH","080453","0804","Malimpia","RURAL"
"PARISH","080454","0804","Viche","RURAL"
"PARISH","080455","0804","La Unión","RURAL"
"PARISH","080550","0805","San Lorenzo","URBAN"
"PARISH","080551","0805","Alto Tambo (Cab. en Guadual)","RURAL"
"PARISH","080552","0805","Ancón (Cab. en Palma Real)","RURAL"
"PARISH","080553","0805","Calderón","RURAL"
"PARISH","080554","0805","Carondelet","RURAL"
"PARISH","080555","0805","5 de Junio (Cab. en Uimbí)","RURAL"
"PARISH","080556","0805","Concepción","RURAL"
"PARISH","080557","0805","Mataje (Cab. en Santander)","RURAL"
"PARISH","080558","0805","San Javier de Cachaví (Cab. en San Javier)","RURAL"
"PARISH","080559","0805","Santa Rita","RURAL"
"PARISH","080560","0805","Tambillo","RURAL"
"PARISH","080561","0805","Tululbí (Cab. en Ricaurte)","RURAL"
"PARISH","080562","0805","Urbina","RURAL"
"PARISH","080650","0806","Atacames","URBAN"
"PARISH","080651","0806","La Unión","RURAL"
"PARISH","080652","0806","Súa (Cab. en la Bocana)","RURAL"
"PARISH","080653","0806","Tonchigüe","RURAL"
"PARISH","080654","0806","Tonsupa (Cab. en Tonsupa Central)","RURAL"
"PARISH","080750","0807","Ríoverde","URBAN"
"PARISH","080751","0807","Chontaduro","RURAL"
"PARISH","080752","0807","Chumundé","RURAL"
"PARISH","080753","0807","Lagarto","RURAL"
"PARISH","080754","0807","Montalvo (Cab. en Horqueta)","RURAL"
"PARISH","080755","0807","Rocafuerte","RURAL"
"PARISH","090101","0901","Ayacucho","URBAN"
"PARISH","090102","0901","Bolívar (Sagrario)","URBAN"
"PARISH","090103","0901","Carbo (Concepción)","URBAN"
"PARISH","090104","0901","Febres Cordero","URBAN"
"PARISH","090105","0901","García Moreno","URBAN"
"PARISH","090106","0901","Letamendi","URBAN"
"PARISH","090107","0901","Nueve de Octubre","URBAN"
"PARISH","090108","0901","Olmedo (San Alejo)","URBAN"
"PARISH","090109","0901","Roca","URBAN"
"PARISH","090110","0901","Rocafuerte","URBAN"
"PARISH","090111","0901","Sucre","URBAN"
"PARISH","090112","0901","Tarqui","URBAN"
"PARISH","090113","0901","Urdaneta","URBAN"
"PARISH","090114","0901","Ximena","URBAN"
"PARISH","090115","0901","Pascuales","URBAN"
"PARISH","090150","0901","Guayaquil","URBAN"
"PARISH","090152","0901","Juan Gómez Rendón","RURAL"
"PARISH","090153","0901","Morro","RURAL"
"PARISH","090156","0901","Posorja","RURAL"
"PARISH","090157","0901","Puná","RURAL"
"PARISH","090158","0901","Tenguel","RURAL"
"PARISH","090250","0902","Alfredo Baquerizo Moreno (Juján)","URBAN"
"PARISH","090350","0903","Balao","URBAN"
"PARISH","090450","0904","Balzar","URBAN"
"PARISH","090550","0905","Colimes","URBAN"
"PARISH","090551","0905","San Jacinto","RURAL"
"PARISH","090601","0906","Daule","URBAN"
"PARISH","090602","0906","La Aurora (Satélite)","URBAN"
"PARISH","090603","0906","Banife","URBAN"
"PARISH","090604","0906","Emiliano Caicedo Marcos","URBAN"
"PARISH","090605","0906","Magro","URBAN"
"PARISH","090606","0906","Padre Juan Bautista Aguirre","URBAN"
"PARISH","090607","0906","Santa Clara","URBAN"
"PARISH","090608","0906","Vicente Piedrahita","URBAN"
"PARISH","090650","0906","Daule","URBAN"
"PARISH","090652","0906","Juan Bautista Aguirre (Cab. en los Tintos)","RURAL"
"PARISH","090653","0906","Laurel (Cab. en El Laurel)","RURAL"
"PARISH","090654","0906","Limonal","RURAL"
"PARISH","090656","0906","Los Lojas","RURAL"
"PARISH","090701","0907","Eloy Alfaro (Durán)","URBAN"
"PARISH","090702","0907","El Recreo","URBAN"
"PARISH","090703","0907","Divino Niño","URBAN"
"PARISH","090750","0907","Eloy Alfaro","URBAN"
"PARISH","090850","0908","Velasco Ibarra","URBAN"
"PARISH","090851","0908","Guayas (Cab. en Pueblo Nuevo)","RURAL"
"PARISH","090852","0908","El Rosario","RURAL"
"PARISH","090950","0909","El Triunfo","URBAN"
"PARISH","091001","0910","Camilo Andrade","URBAN"
"PARISH","091002","0910","Eloy Alfaro","URBAN"
"PARISH","091003","0910","Chirijos","URBAN"
"PARISH","091004","0910","Coronel Enrique Valdez","URBAN"
"PARISH","091005","0910","Rosa María","URBAN"
"PARISH","091006","0910","José María Velasco Ibarra","URBAN"
"PARISH","091007","0910","Vicente Rocafuerte","URBAN"
"PARISH","091008","0910","Ernesto Seminario","URBAN"
"PARISH","091009","0910","Las Piñas","URBAN"
"PARISH","091050","0910","Milagro","URBAN"
"PARISH","091051","0910","Chobo","RURAL"
"PARISH","091053","0910","Mariscal Sucre","RURAL"
"PARISH","091054","0910","Roberto Astudillo","RURAL"
"PARISH","091150","0911","Naranjal","URBAN"
"PARISH","091151","0911","Jesús María","RURAL"
"PARISH","091152","0911","San Carlos","RURAL"
"PARISH","091153","0911","Santa Rosa de Flandes","RURAL"
"PARISH","091154","0911","Taura","RURAL"
"PARISH","091250","0912","Naranjito","URBAN"
"PARISH","091350","0913","Palestina,cabecera Cantonal","URBAN"
"PARISH","091450","0914","Pedro Carbo","URBAN"
"PARISH","091451","0914","Valle de la Virgen","RURAL"
"PARISH","091452","0914","Sabanilla","RURAL"
"PARISH","091601","0916","Samborondón","URBAN"
"PARISH","091602","0916","La Puntilla (Satélite)","URBAN"
"PARISH","091650","0916","Samborondón","URBAN"
"PARISH","091651","0916","Tarifa","RURAL"
"PARISH","091850","0918","Santa Lucía","URBAN"
"PARISH","091901","0919","Bocana","URBAN"
"PARISH","091902","0919","Candilejos","URBAN"
"PARISH","091903","0919","Central","URBAN"
"PARISH","091904","0919","Paraíso","URBAN"
"PARISH","091905","0919","San Mateo","URBAN"
"PARISH","091950","0919","El Salitre","URBAN"
"PARISH","091951","0919","General Vernaza","RURAL"
"PARISH","091952","0919","La Victoria","RURAL"
"PARISH","091953","0919","Junquillal","RURAL"
"PARISH","092050","0920","San Jacinto de Yaguachi","URBAN"
"PARISH","092053","0920","General Pedro J. Montero","RURAL"
"PARISH","092055","0920","Yaguachi Viejo","RURAL"
"PARISH","092056","0920","Virgen de Fátima","RURAL"
"PARISH","092150","0921","General Villamil","URBAN"
"PARISH","092250","0922","Simón Bolívar","URBAN"
"PARISH","092251","0922","Coronel Lorenzo de Garaycoa","RURAL"
"PARISH","092350","0923","Coronel Marcelino Maridueña","URBAN"
"PARISH","092450","0924","Lomas de Sargentillo","URBAN"
"PARISH","092550","0925","Narcisa de Jesús","URBAN"
"PARISH","092750","0927","General Antonio Elizalde","URBAN"
"PARISH","092850","0928","Isidro Ayora","URBAN"
"PARISH","100101","1001","Caranqui","URBAN"
"PARISH","100102","1001","Guayaquil de Alpachaca","URBAN"
"PARISH","100103","1001","Sagrario","URBAN"
"PARISH","100104","1001","San Francisco","URBAN"
"PARISH","100105","1001","La Dolorosa del Priorato","URBAN"
"PARISH","100150","1001","San Miguel de Ibarra","URBAN"
"PARISH","100151","1001","Ambuquí","RURAL"
"PARISH","100152","1001","Angochagua","RURAL"
"PARISH","100153","1001","La Carolina","RURAL"
"PARISH","100154","1001","La Esperanza","RURAL"
"PARISH","100155","1001","Lita","RURAL"
"PARISH","100156","1001","Salinas","RURAL"
"PARISH","100157","1001","San Antonio","RURAL"
"PARISH","100201","1002","Andrade Marín (Lourdes)","URBAN"
"PARISH","100202","1002","Atuntaqui","URBAN"
"PARISH","100250","1002","Atuntaqui","URBAN"
"PARISH","100251","1002","Imbaya (Cab. en San Luis de Imbaya)","RURAL"
"PARISH","100252","1002","San Francisco de Natabuela (Cab. en Natabuela)","RURAL"
"PARISH","100253","1002","San José de Chaltura (Cab. en Chaltura)","RURAL"
"PARISH","100254","1002","San Roque","RURAL"
"PARISH","100301","1003","Sagrario","URBAN"
"PARISH","100302","1003","San Francisco","URBAN"
"PARISH","100350","1003","Cotacachi","URBAN"
"PARISH","100351","1003","Apuela","RURAL"
"PARISH","100352","1003","García Moreno","RURAL"
"PARISH","100353","1003","Imantag","RURAL"
"PARISH","100354","1003","Peñaherrera","RURAL"
"PARISH","100355","1003","Plaza Gutiérrez","RURAL"
"PARISH","100356","1003","Quiroga","RURAL"
"PARISH","100357","1003","Seis de Julio de Cuellaje (Cab. en Cuellaje)","RURAL"
"PARISH","100358","1003","Vacas Galindo (Cab.en San Miguel Alto)","RURAL"
"PARISH","100401","1004","Jordán","URBAN"
"PARISH","100402","1004","San Luis","URBAN"
"PARISH","100450","1004","Otavalo","URBAN"
"PARISH","100451","1004","Dr. Miguel Egas Cabezas (Cab. en Peguche)","RURAL"
"PARISH","100452","1004","Eugenio Espejo","RURAL"
"PARISH","100453","1004","González Suárez","RURAL"
"PARISH","100454","1004","Pataquí","RURAL"
"PARISH","100455","1004","San José de Quichinche","RURAL"
"PARISH","100456","1004","San Juan de Ilumán","RURAL"
"PARISH","100457","1004","San Pablo","RURAL"
"PARISH","100458","1004","San Rafael","RURAL"
"PARISH","100459","1004","Selva Alegre","RURAL"
"PARISH","100550","1005","Pimampiro","URBAN"
"PARISH","100551","1005","Chugá","RURAL"
"PARISH","100552","1005","Mariano Acosta","RURAL"
"PARISH","100553","1005","San Francisco de Sigsipamba","RURAL"
"PARISH","100650","1006","Urcuquí","URBAN"
"PARISH","100651","1006","Cahuasquí","RURAL"
"PARISH","100652","1006","La Merced de Buenos Aires","RURAL"
"PARISH","100653","1006","Pablo Arenas","RURAL"
"PARISH","100654","1006","San Blas","RURAL"
"PARISH","100655","1006","Tumbabiro","RURAL"
"PARISH","110101","1101","El Sagrario","URBAN"
"PARISH","110102","1101","San Sebastián","URBAN"
"PARISH","110103","1101","Sucre","URBAN"
"PARISH","110104","1101","Valle","URBAN"
"PARISH","110105","1101","Carigán","URBAN"
"PARISH","110106","1101","Punzara","URBAN"
"PARISH","110150","1101","Loja","URBAN"
"PARISH","110151","1101","Chantaco","RURAL"
"PARISH","110152","1101","Chuquiribamba","RURAL"
"PARISH","110153","1101","El Cisne","RURAL"
"PARISH","110154","1101","Gualel","RURAL"
"PARISH","110155","1101","Jimbilla","RURAL"
"PARISH","110156","1101","Malacatos","RURAL"
"PARISH","110157","1101","San Lucas","RURAL"
"PARISH","110158","1101","San Pedro de Vilcabamba","RURAL"
"PARISH","110159","1101","Santiago","RURAL"
"PARISH","110160","1101","Taquil","RURAL"
"PARISH","110161","1101","Vilcabamba","RURAL"
"PARISH","110162","1101","Yangana","RURAL"
"PARISH","110163","1101","Quinara","RURAL"
"PARISH","110201","1102","Cariamanga","URBAN"
"PARISH","110202","1102","Chile","URBAN"
"PARISH","110203","1102","San Vicente","URBAN"
"PARISH","110250","1102","Cariamanga","URBAN"
"PARISH","110251","1102","Colaisaca","RURAL"
"PARISH","110252","1102","El Lucero","RURAL"
"PARISH","110253","1102","Utuana","RURAL"
"PARISH","110254","1102","Sanguillín","RURAL"
"PARISH","110301","1103","Catamayo","URBAN"
"PARISH","110302","1103","San José","URBAN"
"PARISH","110350","1103","Catamayo","URBAN"
"PARISH","110351","1103","El Tambo","RURAL"
"PARISH","110352","1103","Guayquichuma (Cab. en El Prado)","RURAL"
"PARISH","110353","1103","San Pedro de la Bendita","RURAL"
"PARISH","110354","1103","Zambi","RURAL"
"PARISH","110450","1104","Celica","URBAN"
"PARISH","110451","1104","Cruzpamba","RURAL"
"PARISH","110455","1104","Pózul","RURAL"
"PARISH","110456","1104","Sabanilla","RURAL"
"PARISH","110457","1104","Teniente Maximiliano Rodríguez Loaiza","RURAL"
"PARISH","110550","1105","Chaguarpamba","URBAN"
"PARISH","110551","1105","Buenavista","RURAL"
"PARISH","110552","1105","El Rosario","RURAL"
"PARISH","110553","1105","Santa Rufina","RURAL"
"PARISH","110554","1105","Amarillos","RURAL"
"PARISH","110650","1106","Amaluza","URBAN"
"PARISH","110651","1106","Bellavista","RURAL"
"PARISH","110652","1106","Jimbura","RURAL"
"PARISH","110653","1106","Santa Teresita","RURAL"
"PARISH","110654","1106","27 de Abril (Cab. en la Naranja)","RURAL"
"PARISH","110655","1106","El Ingenio","RURAL"
"PARISH","110656","1106","El Airo","RURAL"
"PARISH","110750","1107","Gonzanamá","URBAN"
"PARISH","110751","1107","Changaimina","RURAL"
"PARISH","110753","1107","Nambacola","RURAL"
"PARISH","110754","1107","Purunuma","RURAL"
"PARISH","110756","1107","Sacapalca","RURAL"
"PARISH","110801","1108","General Eloy Alfaro (San Sebastián)","URBAN"
"PARISH","110802","1108","Macará (Manuel Enrique Rengel Suquilanda)","URBAN"
"PARISH","110850","1108","Macará","URBAN"
"PARISH","110851","1108","Larama","RURAL"
"PARISH","110852","1108","La Victoria","RURAL"
"PARISH","110853","1108","Sabiango (Cab. en la Capilla)","RURAL"
"PARISH","110901","1109","Catacocha","URBAN"
"PARISH","110902","1109","Lourdes","URBAN"
"PARISH","110950","1109","Catacocha","URBAN"
"PARISH","110951","1109","Cangonamá","RURAL"
"PARISH","110952","1109","Guachanamá","RURAL"
"PARISH","110954","1109","Lauro Guerrero (Cab. en Chinchanga)","RURAL"
"PARISH","110956","1109","Orianga","RURAL"
"PARISH","110957","1109","San Antonio","RURAL"
"PARISH","110958","1109","Casanga","RURAL"
"PARISH","110959","1109","Yamana","RURAL"
"PARISH","111050","1110","Alamor","URBAN"
"PARISH","111051","1110","Ciano","RURAL"
"PARISH","111052","1110","El Arenal","RURAL"
"PARISH","111053","1110","El Limo","RURAL"
"PARISH","111054","1110","Mercadillo","RURAL"
"PARISH","111055","1110","Vicentino","RURAL"
"PARISH","111150","1111","Saraguro","URBAN"
"PARISH","111151","1111","El Paraíso de Celen","RURAL"
"PARISH","111152","1111","El Tablón","RURAL"
"PARISH","111153","1111","Lluzhapa","RURAL"
"PARISH","111154","1111","Manú","RURAL"
"PARISH","111155","1111","San Antonio de Qumbe","RURAL"
"PARISH","111156","1111","San Pablo de Tenta","RURAL"
"PARISH","111157","1111","San Sebastián de yúluc","RURAL"
"PARISH","111158","1111","Selva Alegre","RURAL"
"PARISH","111159","1111","Urdaneta","RURAL"
"PARISH","111160","1111","Sumaypamba","RURAL"
"PARISH","111250","1112","Sozoranga","URBAN"
"PARISH","111251","1112","Nueva Fátima","RURAL"
"PARISH","111252","1112","Tacamoros","RURAL"
"PARISH","111350","1113","Zapotillo","URBAN"
"PARISH","111351","1113","Mangahurco","RURAL"
"PARISH","111352","1113","Garzareal","RURAL"
"PARISH","111353","1113","Limones","RURAL"
"PARISH","111354","1113","Paletillas","RURAL"
"PARISH","111355","1113","Bolaspamba","RURAL"
"PARISH","111356","1113","Cazaderos","RURAL"
"PARISH","111450","1114","Pindal","URBAN"
"PARISH","111451","1114","Chaquinal","RURAL"
"PARISH","111452","1114","12 de Diciembre (Cab.en Achiotes)","RURAL"
"PARISH","111453","1114","Milagros","RURAL"
"PARISH","111550","1115","Quilanga","URBAN"
"PARISH","111551","1115","Fundochamba","RURAL"
"PARISH","111552","1115","San Antonio de las Aradas (Cab. en las Aradas)","RURAL"
"PARISH","111650","1116","Olmedo","URBAN"
"PARISH","111651","1116","La Tingue","RURAL"
"PARISH","120101","1201","Clemente Baquerizo","URBAN"
"PARISH","120102","1201","Doctor Camilo Ponce","URBAN"
"PARISH","120103","1201","Barreiro","URBAN"
"PARISH","120104","1201","El Salto","URBAN"
"PARISH","120150","1201","Babahoyo","URBAN"
"PARISH","120152","1201","Caracol","RURAL"
"PARISH","120153","1201","Febres Cordero (Cab. en Mata de Cacao)","RURAL"
"PARISH","120154","1201","Pimocha","RURAL"
"PARISH","120155","1201","La Unión","RURAL"
"PARISH","120250","1202","Baba","URBAN"
"PARISH","120251","1202","Guare","RURAL"
"PARISH","120252","1202","Isla de Bejucal","RURAL"
"PARISH","120350","1203","Montalvo","URBAN"
"PARISH","120351","1203","La Esmeralda","RURAL"
"PARISH","120450","1204","Puebloviejo","URBAN"
"PARISH","120451","1204","Puerto Pechiche","RURAL"
"PARISH","120452","1204","San Juan","RURAL"
"PARISH","120501","1205","Quevedo","URBAN"
"PARISH","120502","1205","San Camilo","URBAN"
"PARISH","120504","1205","Guayacán","URBAN"
"PARISH","120505","1205","Nicolás Infante Díaz","URBAN"
"PARISH","120506","1205","San Cristóbal","URBAN"
"PARISH","120507","1205","Siete de Octubre","URBAN"
"PARISH","120508","1205","24 de Mayo","URBAN"
"PARISH","120509","1205","Venus del Río Quevedo","URBAN"
"PARISH","120510","1205","Viva Alfaro","URBAN"
"PARISH","120550","1205","Quevedo","URBAN"
"PARISH","120553","1205","San Carlos","RURAL"
"PARISH","120555","1205","La Esperanza","RURAL"
"PARISH","120650","1206","Catarama","URBAN"
"PARISH","120651","1206","Ricaurte","RURAL"
"PARISH","120701","1207","10 de Noviembre","URBAN"
"PARISH","120702","1207","Ventanas","URBAN"
"PARISH","120750","1207","Ventanas","URBAN"
"PARISH","120752","1207","Zapotal","RURAL"
"PARISH","120753","1207","Chacarita","RURAL"
"PARISH","120754","1207","Los Ángeles","RURAL"
"PARISH","120801","1208","Balzar de Vinces","URBAN"
"PARISH","120802","1208","Vinces Central","URBAN"
"PARISH","120803","1208","San Lorenzo de Vinces","URBAN"
"PARISH","120850","1208","Vinces","URBAN"
"PARISH","120851","1208","Antonio Sotomayor (Cab. en Playas de Vinces)","RURAL"
"PARISH","120950","1209","Palenque","URBAN"
"PARISH","121001","1210","San Jacinto de Buena Fé","URBAN"
"PARISH","121002","1210","7 de Agosto","URBAN"
"PARISH","121003","1210","11 de Octubre","URBAN"
"PARISH","121050","1210","San Jacinto de Buena Fé","URBAN"
"PARISH","121051","1210","Patricia Pilar","RURAL"
"PARISH","121101","1211","Valencia","URBAN"
"PARISH","121102","1211","La Unión","URBAN"
"PARISH","121103","1211","La Nueva Unión","URBAN"
"PARISH","121150","1211","Valencia","URBAN"
"PARISH","121250","1212","Mocache","URBAN"
"PARISH","121350","1213","Quinsaloma","URBAN"
"PARISH","130101","1301","Portoviejo","URBAN"
"PARISH","130102","1301","12 de Marzo","URBAN"
"PARISH","130103","1301","Colón","URBAN"
"PARISH","130104","1301","Picoazá","URBAN"
"PARISH","130105","1301","San Pablo","URBAN"
"PARISH","130106","1301","Andrés de Vera","URBAN"
"PARISH","130107","1301","Francisco Pacheco","URBAN"
"PARISH","130108","1301","18 de Octubre","URBAN"
"PARISH","130109","1301","Simón Bolívar","URBAN"
"PARISH","130150","1301","Portoviejo","URBAN"
"PARISH","130151","1301","Abdón Calderón","RURAL"
"PARISH","130152","1301","Alhajuela","RURAL"
"PARISH","130153","1301","Crucita","RURAL"
"PARISH","130154","1301","Pueblo Nuevo","RURAL"
"PARISH","130155","1301","Riochico","RURAL"
"PARISH","130156","1301","San Plácido","RURAL"
"PARISH","130157","1301","Chirijos","RURAL"
"PARISH","130250","1302","Calceta","URBAN"
"PARISH","130251","1302","Membrillo","RURAL"
"PARISH","130252","1302","Quiroga","RURAL"
"PARISH","130301","1303","Chone","URBAN"
"PARISH","130302","1303","Santa Rita","URBAN"
"PARISH","130350","1303","Chone","URBAN"
"PARISH","130351","1303","Boyacá","RURAL"
"PARISH","130352","1303","Canuto","RURAL"
"PARISH","130353","1303","Convento","RURAL"
"PARISH","130354","1303","Chibunga","RURAL"
"PARISH","130355","1303","Eloy Alfaro","RURAL"
"PARISH","130356","1303","Ricaurte","RURAL"
"PARISH","130357","1303","San Antonio","RURAL"
"PARISH","130401","1304","El Carmen","URBAN"
"PARISH","130402","1304","4 de Diciembre","URBAN"
"PARISH","130450","1304","El Carmen","URBAN"
"PARISH","130451","1304","Wilfrido Loor Moreira","RURAL"
"PARISH","130452","1304","San Pedro de Suma","RURAL"
"PARISH","130453","1304","Santa María","RURAL"
"PARISH","130454","1304","El Paraíso la 14 (Cab. en El Paraíso )","RURAL"
"PARISH","130550","1305","Flavio Alfaro","URBAN"
"PARISH","130551","1305","San Francisco de Novillo (Cab. en Novillo)","RURAL"
"PARISH","130552","1305","Zapallo","RURAL"
"PARISH","130601","1306","Doctor Miguel Morán Lucio","URBAN"
"PARISH","130602","1306","Manuel Inocencio Parrales y Guale","URBAN"
"PARISH","130603","1306","San Lorenzo de Jipijapa","URBAN"
"PARISH","130650","1306","Jipijapa","URBAN"
"PARISH","130651","1306","América","RURAL"
"PARISH","130652","1306","El Anegado (Cab. en Eloy Alfaro)","RURAL"
"PARISH","130653","1306","Julcuy","RURAL"
"PARISH","130654","1306","La Unión","RURAL"
"PARISH","130656","1306","Membrillal","RURAL"
"PARISH","130657","1306","Pedro Pablo Gómez (Cab. en Potrero Nuevo)","RURAL"
"PARISH","130658","1306","Puerto de Cayo","RURAL"
"PARISH","130750","1307","Junín","URBAN"
"PARISH","130801","1308","Los Esteros","URBAN"
"PARISH","130802","1308","Manta","URBAN"
"PARISH","130803","1308","San Mateo","URBAN"
"PARISH","130804","1308","Tarqui","URBAN"
"PARISH","130805","1308","Eloy Alfaro","URBAN"
"PARISH","130806","1308","Urbimanta","URBAN"
"PARISH","130850","1308","Manta","URBAN"
"PARISH","130851","1308","San Lorenzo","RURAL"
"PARISH","130852","1308","Santa Marianita","RURAL"
"PARISH","130901","1309","Aníbal San Andrés","URBAN"
"PARISH","130902","1309","Montecristi","URBAN"
"PARISH","130903","1309","El Colorado","URBAN"
"PARISH","130904","1309","General Eloy Alfaro","URBAN"
"PARISH","130905","1309","Leonidas Proaño","URBAN"
"PARISH","130906","1309","Isabel Muentes","URBAN"
"PARISH","130950","1309","Montecristi","URBAN"
"PARISH","130952","1309","La Pila","RURAL"
"PARISH","131050","1310","Paján","URBAN"
"PARISH","131051","1310","Campozano","RURAL"
"PARISH","131052","1310","Cascol","RURAL"
"PARISH","131053","1310","Guale","RURAL"
"PARISH","131054","1310","Lascano","RURAL"
"PARISH","131150","1311","Pichincha","URBAN"
"PARISH","131151","1311","Barraganete","RURAL"
"PARISH","131152","1311","San Sebastián","RURAL"
"PARISH","131250","1312","Rocafuerte","URBAN"
"PARISH","131251","1312","Sosote","RURAL"
"PARISH","131301","1313","Santa Ana","URBAN"
"PARISH","131302","1313","Lodana","URBAN"
"PARISH","131350","1313","Santa Ana de Vuelta Larga","URBAN"
"PARISH","131351","1313","Ayacucho","RURAL"
"PARISH","131352","1313","Honorato Vásquez (Cab. en Vásquez)","RURAL"
"PARISH","131353","1313","La Unión","RURAL"
"PARISH","131355","1313","San Pablo (Cab. en Pueblo Nuevo)","RURAL"
"PARISH","131401","1314","Bahía de Caráquez","URBAN"
"PARISH","131402","1314","Leonidas Plaza Gutiérrez","URBAN"
"PARISH","131450","1314","Bahía de Caráquez","URBAN"
"PARISH","131453","1314","Charapotó","RURAL"
"PARISH","131457","1314","San Isidro","RURAL"
"PARISH","131550","1315","Tosagua","URBAN"
"PARISH","131551","1315","Bachillero","RURAL"
"PARISH","131552","1315","Ángel Pedro Giler","RURAL"
"PARISH","131650","1316","Sucre","URBAN"
"PARISH","131651","1316","Bellavista","RURAL"
"PARISH","131652","1316","Noboa","RURAL"
"PARISH","131653","1316","Arquitecto Sixto Durán Ballén (Cab. en las Pajitas)","RURAL"
"PARISH","131750","1317","Pedernales","URBAN"
"PARISH","131751","1317","Cojimíes","RURAL"
"PARISH","131752","1317","Diez de Agosto","RURAL"
"PARISH","131753","1317","Atahualpa","RURAL"
"PARISH","131850","1318","Olmedo","URBAN"
"PARISH","131950","1319","Puerto López","URBAN"
"PARISH","131951","1319","Machalilla","RURAL"
"PARISH","131952","1319","Salango","RURAL"
"PARISH","132050","1320","Jama","URBAN"
"PARISH","132150","1321","Jaramijó","URBAN"
"PARISH","132250","1322","San Vicente","URBAN"
"PARISH","132251","1322","Canoa","RURAL"
"PARISH","140150","1401","Macas","URBAN"
"PARISH","140151","1401","Alshi (Cab. en Nueve de Octubre)","RURAL"
"PARISH","140153","1401","General Proaño (Cab. en Barahona)","RURAL"
"PARISH","140156","1401","San Isidro","RURAL"
"PARISH","140158","1401","Sinaí","RURAL"
"PARISH","140160","1401","Zuña","RURAL"
"PARISH","140162","1401","Cuchaentza","RURAL"
"PARISH","140164","1401","Río Blanco","RURAL"
"PARISH","140190","1401","Sinaí-Cuchaentza","RURAL"
"PARISH","140201","1402","Gualaquiza","URBAN"
"PARISH","140202","1402","Mercedes Molina","URBAN"
"PARISH","140250","1402","Gualaquiza","URBAN"
"PARISH","140251","1402","Amazonas","RURAL"
"PARISH","140252","1402","Bermejos","RURAL"
"PARISH","140253","1402","Bomboíza","RURAL"
"PARISH","140254","1402","Chigüinda","RURAL"
"PARISH","140255","1402","El Rosario","RURAL"
"PARISH","140256","1402","Nueva Tarqui","RURAL"
"PARISH","140257","1402","San Miguel de Cuyes","RURAL"
"PARISH","140258","1402","El Ideal","RURAL"
"PARISH","140350","1403","General Leonidas Plaza Gutiérrez","URBAN"
"PARISH","140351","1403","Indanza","RURAL"
"PARISH","140353","1403","San Antonio (Cab. en San Antonio Centro)","RURAL"
"PARISH","140356","1403","San Miguel de Conchay","RURAL"
"PARISH","140357","1403","Santa Susana de Chiviaza (Cab. en Chiviaza)","RURAL"
"PARISH","140358","1403","Yunganza (Cab. en El Rosario)","RURAL"
"PARISH","140450","1404","Palora (Metzera),cabecera Cantonal","URBAN"
"PARISH","140451","1404","Arapicos","RURAL"
"PARISH","140452","1404","Cumandá (Cab. en Colonia Agrícola Sevilla de Oro)","RURAL"
"PARISH","140454","1404","Sangay (Cab. en Nayamanaca)","RURAL"
"PARISH","140455","1404","16 de Agosto","RURAL"
"PARISH","140550","1405","Santiago de Méndez","URBAN"
"PARISH","140551","1405","Copal","RURAL"
"PARISH","140552","1405","Chupianza","RURAL"
"PARISH","140553","1405","Patuca","RURAL"
"PARISH","140554","1405","San Luis de El Acho (Cab. en El Acho)","RURAL"
"PARISH","140556","1405","Tayuza","RURAL"
"PARISH","140557","1405","San Francisco de Chinimbimi (Cab. en Chinimbimi)","RURAL"
"PARISH","140650","1406","Sucúa","URBAN"
"PARISH","140651","1406","Asunción","RURAL"
"PARISH","140652","1406","Huambi","RURAL"
"PARISH","140655","1406","Santa Marianita de Jesús (Cab. en Santa Marianita)","RURAL"
"PARISH","140750","1407","Huamboya","URBAN"
"PARISH","140751","1407","Chiguaza","RURAL"
"PARISH","140850","1408","San Juan Bosco","URBAN"
"PARISH","140851","1408","Pan de Azúcar","RURAL"
"PARISH","140852","1408","San Carlos de Limón","RURAL"
"PARISH","140853","1408","San Jacinto de Wakambeis (Cab. en Wakambeis)","RURAL"
"PARISH","140854","1408","Santiago de Pananza","RURAL"
"PARISH","140950","1409","Taisha","URBAN"
"PARISH","140951","1409","Huasaga (Cab. en Wampuik)","RURAL"
"PARISH","140952","1409","Macuma","RURAL"
"PARISH","140953","1409","Tuutinentsa","RURAL"
"PARISH","140954","1409","Pumpuentsa","RURAL"
"PARISH","141050","1410","Logroño","URBAN"
"PARISH","141051","1410","Yaupi","RURAL"
"PARISH","141052","1410","Shimpis","RURAL"
"PARISH","141150","1411","Pablo Sexto","URBAN"
"PARISH","141250","1412","Santiago","URBAN"
"PARISH","141251","1412","San José de Morona","RURAL"
"PARISH","141350","1413","Sevilla Don Bosco","URBAN"
"PARISH","150150","1501","Tena","URBAN"
"PARISH","150151","1501","Ahuano","RURAL"
"PARISH","150153","1501","Chontapunta","RURAL"
"PARISH","150154","1501","Pano","RURAL"
"PARISH","150155","1501","Puerto Misahuallí","RURAL"
"PARISH","150156","1501","Puerto Napo","RURAL"
"PARISH","150157","1501","Tálag","RURAL"
"PARISH","150158","1501","San Juan de Muyuna","RURAL"
"PARISH","150350","1503","Archidona","URBAN"
"PARISH","150352","1503","Cotundo","RURAL"
"PARISH","150354","1503","San Pablo de Ushpayacu","RURAL"
"PARISH","150356","1503","Hatun Sumaku (Cab. en Diez de Agosto)","RURAL"
"PARISH","150450","1504","El Chaco","URBAN"
"PARISH","150451","1504","Gonzalo Díaz de Pineda","RURAL"
"PARISH","150452","1504","Linares","RURAL"
"PARISH","150453","1504","Oyacachi","RURAL"
"PARISH","150454","1504","Santa Rosa","RURAL"
"PARISH","150455","1504","Sardinas","RURAL"
"PARISH","150750","1507","Baeza","URBAN"
"PARISH","150751","1507","Cosanga","RURAL"
"PARISH","150752","1507","Cuyuja","RURAL"
"PARISH","150753","1507","Papallacta","RURAL"
"PARISH","150754","1507","San Francisco de Borja","RURAL"
"PARISH","150756","1507","Sumaco","RURAL"
"PARISH","150950","1509","Carlos Julio Arosemena Tola","URBAN"
"PARISH","160150","1601","Puyo","URBAN"
"PARISH","160152","1601","Canelos","RURAL"
"PARISH","160154","1601","Diez de Agosto","RURAL"
"PARISH","160155","1601","Fátima","RURAL"
"PARISH","160156","1601","Montalvo","RURAL"
"PARISH","160157","1601","Pomona","RURAL"
"PARISH","160158","1601","Río Corrientes","RURAL"
"PARISH","160159","1601","Río Tigre","RURAL"
"PARISH","160161","1601","Sarayacu","RURAL"
"PARISH","160162","1601","Simón Bolívar (Cab. en Mushullacta)","RURAL"
"PARISH","160163","1601","Tarqui","RURAL"
"PARISH","160164","1601","Teniente Hugo Ortiz","RURAL"
"PARISH","160165","1601","Veracruz (Cab. en Indillama)","RURAL"
"PARISH","160166","1601","El Triunfo","RURAL"
"PARISH","160167","1601","Shuar Pastaza","RURAL"
"PARISH","160250","1602","Mera","URBAN"
"PARISH","160251","1602","Madre Tierra","RURAL"
"PARISH","160252","1602","Shell","RURAL"
"PARISH","160350","1603","Santa Clara","URBAN"
"PARISH","160351","1603","San José","RURAL"
"PARISH","160450","1604","Arajuno","URBAN"
"PARISH","160451","1604","Curaray","RURAL"
"PARISH","170101","1701","Belisario Quevedo","URBAN"
"PARISH","170102","1701","Carcelén","URBAN"
"PARISH","170103","1701","Centro Histórico","URBAN"
"PARISH","170104","1701","Cochapamba","URBAN"
"PARISH","170105","1701","Comité del Pueblo","URBAN"
"PARISH","170106","1701","Cotocollao","URBAN"
"PARISH","170107","1701","Chilibulo","URBAN"
"PARISH","170108","1701","Chillogallo","URBAN"
"PARISH","170109","1701","Chimbacalle","URBAN"
"PARISH","170110","1701","El Condado","URBAN"
"PARISH","170111","1701","Guamaní","URBAN"
"PARISH","170112","1701","Iñaquito","URBAN"
"PARISH","170113","1701","Itchimbía","URBAN"
"PARISH","170114","1701","Jipijapa","URBAN"
"PARISH","170115","1701","Kennedy","URBAN"
"PARISH","170116","1701","La Argelia","URBAN"
"PARISH","170117","1701","La Concepción","URBAN"
"PARISH","170118","1701","La Ecuatoriana","URBAN"
"PARISH","170119","1701","La Ferroviaria","URBAN"
"PARISH","170120","1701","La Libertad","URBAN"
"PARISH","170121","1701","La Magdalena","URBAN"
"PARISH","170122","1701","La Mena","URBAN"
"PARISH","170123","1701","Mariscal Sucre","URBAN"
"PARISH","170124","1701","Ponceano","URBAN"
"PARISH","170125","1701","Puengasí","URBAN"
"PARISH","170126","1701","Quitumbe","URBAN"
"PARISH","170127","1701","Rumipamba","URBAN"
"PARISH","170128","1701","San Bartolo","URBAN"
"PARISH","170129","1701","San Isidro del Inca","URBAN"
"PARISH","170130","1701","San Juan","URBAN"
"PARISH","170131","1701","Solanda","URBAN"
"PARISH","170132","1701","Turubamba","URBAN"
"PARISH","170150","1701","Quito","URBAN"
"PARISH","170151","1701","Alangasí","RURAL"
"PARISH","170152","1701","Amaguaña","RURAL"
"PARISH","170153","1701","Atahualpa","RURAL"
"PARISH","170154","1701","Calacalí","RURAL"
"PARISH","170155","1701","Calderón","RURAL"
"PARISH","170156","1701","Conocoto","RURAL"
"PARISH","170157","1701","Cumbayá","RURAL"
"PARISH","170158","1701","Chavezpamba","RURAL"
"PARISH","170159","1701","Checa","RURAL"
"PARISH","170160","1701","El Quinche","RURAL"
"PARISH","170161","1701","Gualea","RURAL"
"PARISH","170162","1701","Guangopolo","RURAL"
"PARISH","170163","1701","Guayllabamba","RURAL"
"PARISH","170164","1701","La Merced","RURAL"
"PARISH","170165","1701","Llano Chico","RURAL"
"PARISH","170166","1701","Lloa","RURAL"
"PARISH","170168","1701","Nanegal","RURAL"
"PARISH","170169","1701","Nanegalito","RURAL"
"PARISH","170170","1701","Nayón","RURAL"
"PARISH","170171","1701","Nono","RURAL"
"PARISH","170172","1701","Pacto","RURAL"
"PARISH","170174","1701","Perucho","RURAL"
"PARISH","170175","1701","Pifo","RURAL"
"PARISH","170176","1701","Píntag","RURAL"
"PARISH","170177","1701","Pomasqui","RURAL"
"PARISH","170178","1701","Puéllaro","RURAL"
"PARISH","170179","1701","Puembo","RURAL"
"PARISH","170180","1701","San Antonio","RURAL"
"PARISH","170181","1701","San José de Minas","RURAL"
"PARISH","170183","1701","Tababela","RURAL"
"PARISH","170184","1701","Tumbaco","RURAL"
"PARISH","170185","1701","Yaruquí","RURAL"
"PARISH","170186","1701","Zámbiza","RURAL"
"PARISH","170250","1702","Cayambe","URBAN"
"PARISH","170251","1702","Ascázubi","RURAL"
"PARISH","170252","1702","Cangahua","RURAL"
"PARISH","170253","1702","Olmedo","RURAL"
"PARISH","170254","1702","Otón","RURAL"
"PARISH","170255","1702","Santa Rosa de Cuzubamba","RURAL"
"PARISH","170256","1702","San José de Ayora","RURAL"
"PARISH","170257","1702","Juan Montalvo","RURAL"
"PARISH","170350","1703","Machachi","URBAN"
"PARISH","170351","1703","Aloag","RURAL"
"PARISH","170352","1703","Aloasí","RURAL"
"PARISH","170353","1703","Cutuglahua","RURAL"
"PARISH","170354","1703","El Chaupi","RURAL"
"PARISH","170355","1703","Manuel Cornejo Astorga","RURAL"
"PARISH","170356","1703","Tambillo","RURAL"
"PARISH","170357","1703","Uyumbicho","RURAL"
"PARISH","170450","1704","Tabacundo","URBAN"
"PARISH","170451","1704","La Esperanza","RURAL"
"PARISH","170452","1704","Malchinguí","RURAL"
"PARISH","170453","1704","Tocachi","RURAL"
"PARISH","170454","1704","Tupigachi","RURAL"
"PARISH","170501","1705","Sangolquí","URBAN"
"PARISH","170502","1705","San Pedro de Taboada","URBAN"
"PARISH","170503","1705","San Rafael","URBAN"
"PARISH","170504","1705","Fajardo","URBAN"
"PARISH","170550","1705","Sangolquí","URBAN"
"PARISH","170551","1705","Cotogchoa","RURAL"
"PARISH","170552","1705","Rumipamba","RURAL"
"PARISH","170750","1707","San Miguel de los Bancos","URBAN"
"PARISH","170751","1707","Mindo","RURAL"
"PARISH","170850","1708","Pedro Vicente Maldonado","URBAN"
"PARISH","170950","1709","Puerto Quito","URBAN"
"PARISH","180101","1801","Atocha – Ficoa","URBAN"
"PARISH","180102","1801","Celiano Monge","URBAN"
"PARISH","180103","1801","Huachi Chico","URBAN"
"PARISH","180104","1801","Huachi Loreto","URBAN"
"PARISH","180105","1801","La Merced","URBAN"
"PARISH","180106","1801","La Península","URBAN"
"PARISH","180107","1801","Matriz","URBAN"
"PARISH","180108","1801","Pishilata","URBAN"
"PARISH","180109","1801","San Francisco","URBAN"
"PARISH","180150","1801","Ambato","URBAN"
"PARISH","180151","1801","Ambatillo","RURAL"
"PARISH","180152","1801","Atahualpa (Cab. en Chisalata)","RURAL"
"PARISH","180153","1801","Augusto N. Martínez","RURAL"
"PARISH","180154","1801","Constantino Fernández (Cab. en Cullitahua)","RURAL"
"PARISH","180155","1801","Huachi Grande","RURAL"
"PARISH","180156","1801","Izamba","RURAL"
"PARISH","180157","1801","Juan Benigno Vela","RURAL"
"PARISH","180158","1801","Montalvo","RURAL"
"PARISH","180159","1801","Pasa","RURAL"
"PARISH","180160","1801","Picaihua","RURAL"
"PARISH","180161","1801","Pilagüín","RURAL"
"PARISH","180162","1801","Quisapincha","RURAL"
"PARISH","180163","1801","San Bartolomé de Pinllo","RURAL"
"PARISH","180164","1801","San Fernando","RURAL"
"PARISH","180165","1801","Santa Rosa","RURAL"
"PARISH","180166","1801","Totoras","RURAL"
"PARISH","180167","1801","Cunchibamba","RURAL"
"PARISH","180168","1801","Unamuncho","RURAL"
"PARISH","180250","1802","Baños","URBAN"
"PARISH","180251","1802","Lligua","RURAL"
"PARISH","180252","1802","Río Negro","RURAL"
"PARISH","180253","1802","Río Verde","RURAL"
"PARISH","180254","1802","Ulba","RURAL"
"PARISH","180350","1803","Cevallos","URBAN"
"PARISH","180450","1804","Mocha","URBAN"
"PARISH","180451","1804","Pinguilí","RURAL"
"PARISH","180550","1805","Patate","URBAN"
"PARISH","180551","1805","El Triunfo","RURAL"
"PARISH","180552","1805","Los Andes (Cab. en Poatug)","RURAL"
"PARISH","180553","1805","Sucre (Cab. en Sucre Patate-Urcu)","RURAL"
"PARISH","180650","1806","Quero","URBAN"
"PARISH","180651","1806","Rumipamba","RURAL"
"PARISH","180652","1806","Yanayacu-Mochapata (Cab. en Yanayacu)","RURAL"
"PARISH","180701","1807","Pelileo","URBAN"
"PARISH","180702","1807","Pelileo Grande","URBAN"
"PARISH","180750","1807","Pelileo","URBAN"
"PARISH","180751","1807","Benítez","RURAL"
"PARISH","180752","1807","Bolívar","RURAL"
"PARISH","180753","1807","Cotaló","RURAL"
"PARISH","180754","1807","Chiquicha (Cab. en Chiquicha Grande)","RURAL"
"PARISH","180755","1807","El Rosario","RURAL"
"PARISH","180756","1807","García Moreno","RURAL"
"PARISH","180757","1807","Guambaló","RURAL"
"PARISH","180758","1807","Salasaca","RURAL"
"PARISH","180801","1808","Ciudad Nueva","URBAN"
"PARISH","180802","1808","Píllaro","URBAN"
"PARISH","180850","1808","Píllaro","URBAN"
"PARISH","180851","1808","Baquerizo Moreno","RURAL"
"PARISH","180852","1808","Emilio María Terán","RURAL"
"PARISH","180853","1808","Marcos Espinel","RURAL"
"PARISH","180854","1808","Presidente Urbina","RURAL"
"PARISH","180855","1808","San Andrés","RURAL"
"PARISH","180856","1808","San José de Poaló","RURAL"
"PARISH","180857","1808","San Miguelito","RURAL"
"PARISH","180950","1809","Tisaleo","URBAN"
"PARISH","180951","1809","Quinchicoto","RURAL"
"PARISH","190101","1901","El Limón","URBAN"
"PARISH","190102","1901","Zamora","URBAN"
"PARISH","190150","1901","Zamora","URBAN"
"PARISH","190151","1901","Cumbaratza","RURAL"
"PARISH","190152","1901","Guadalupe","RURAL"
"PARISH","190153","1901","Imbana (Cab. en la Victoria de Imbana)","RURAL"
"PARISH","190155","1901","Sabanilla","RURAL"
"PARISH","190156","1901","Timbara","RURAL"
"PARISH","190158","1901","San Carlos de las Minas","RURAL"
"PARISH","190250","1902","Zumba","URBAN"
"PARISH","190251","1902","Chito","RURAL"
"PARISH","190252","1902","El Chorro","RURAL"
"PARISH","190254","1902","La Chonta","RURAL"
"PARISH","190256","1902","Pucapamba","RURAL"
"PARISH","190259","1902","San Andrés","RURAL"
"PARISH","190350","1903","Guayzimi","URBAN"
"PARISH","190351","1903","Zurmi","RURAL"
"PARISH","190352","1903","Nuevo Paraíso","RURAL"
"PARISH","190353","1903","Nankais (Cab. en Tsarunts (Santa Elena))","RURAL"
"PARISH","190450","1904","28 de Mayo","URBAN"
"PARISH","190451","1904","La Paz","RURAL"
"PARISH","190452","1904","Tutupali","RURAL"
"PARISH","190550","1905","Yantzaza","URBAN"
"PARISH","190551","1905","Chicaña","RURAL"
"PARISH","190553","1905","Los Encuentros","RURAL"
"PARISH","190650","1906","El Pangui","URBAN"
"PARISH","190651","1906","El Guisme","RURAL"
"PARISH","190652","1906","Pachicutza","RURAL"
"PARISH","190653","1906","Tundayme","RURAL"
"PARISH","190750","1907","Zumbi","URBAN"
"PARISH","190752","1907","Triunfo Dorado (Cab. en El Dorado)","RURAL"
"PARISH","190753","1907","Panguintza","RURAL"
"PARISH","190850","1908","Palanda","URBAN"
"PARISH","190851","1908","El Porvenir del Carmen","RURAL"
"PARISH","190852","1908","San Francisco del Vergel","RURAL"
"PARISH","190853","1908","Valladolid","RURAL"
"PARISH","190854","1908","La Canela","RURAL"
"PARISH","190950","1909","Paquisha","URBAN"
"PARISH","190951","1909","Bellavista","RURAL"
"PARISH","190952","1909","Nuevo Quito","RURAL"
"PARISH","200150","2001","Puerto Baquerizo Moreno","URBAN"
"PARISH","200151","2001","El Progreso","RURAL"
"PARISH","200152","2001","Isla Santa María Floreana (Cab. en Puerto Velasco Ibarra)","RURAL"
"PARISH","200250","2002","Puerto Villamil","URBAN"
"PARISH","200251","2002","Tomás de Berlanga","RURAL"
"PARISH","200350","2003","Puerto Ayora","URBAN"
"PARISH","200351","2003","Bella Vista","RURAL"
"PARISH","200352","2003","Santa Rosa","RURAL"
"PARISH","210150","2101","Nueva Loja","URBAN"
"PARISH","210152","2101","Dureno","RURAL"
"PARISH","210153","2101","General Farfán","RURAL"
"PARISH","210155","2101","El Eno","RURAL"
"PARISH","210156","2101","Pacayacu","RURAL"
"PARISH","210157","2101","Jambelí","RURAL"
"PARISH","210158","2101","Santa Cecilia","RURAL"
"PARISH","210160","2101","10 de Agosto","RURAL"
"PARISH","210250","2102","Lumbaquí","URBAN"
"PARISH","210251","2102","El Reventador","RURAL"
"PARISH","210252","2102","Gonzalo Pizarro","RURAL"
"PARISH","210254","2102","Puerto Libre","RURAL"
"PARISH","210350","2103","Puerto El Carmen del Putumayo","URBAN"
"PARISH","210351","2103","Palma Roja","RURAL"
"PARISH","210352","2103","Puerto Bolívar","RURAL"
"PARISH","210353","2103","Puerto Rodríguez","RURAL"
"PARISH","210354","2103","Santa Elena","RURAL"
"PARISH","210355","2103","Sansahuari","RURAL"
"PARISH","210450","2104","Shushufindi","URBAN"
"PARISH","210451","2104","Limoncocha","RURAL"
"PARISH","210452","2104","Pañacocha","RURAL"
"PARISH","210453","2104","San Roque (Cab. en San Vicente)","RURAL"
"PARISH","210454","2104","San Pedro de los Cofánes","RURAL"
"PARISH","210455","2104","Siete de Julio","RURAL"
"PARISH","210456","2104","La Magdalena","RURAL"
"PARISH","210457","2104","La Primavera","RURAL"
"PARISH","210550","2105","La Bonita","URBAN"
"PARISH","210551","2105","El Playón de San Francisco","RURAL"
"PARISH","210552","2105","La Sofía","RURAL"
"PARISH","210553","2105","Rosa Florida","RURAL"
"PARISH","210554","2105","Santa Bárbara","RURAL"
"PARISH","210650","2106","El Dorado de Cascales","URBAN"
"PARISH","210651","2106","Santa Rosa de Sucumbíos","RURAL"
"PARISH","210652","2106","Sevilla","RURAL"
"PARISH","210653","2106","Nueva Troncal (Cab. en la Troncal)","RURAL"
"PARISH","210750","2107","Tarapoa","URBAN"
"PARISH","210751","2107","Cuyabeno","RURAL"
"PARISH","210752","2107","Aguas Negras","RURAL"
"PARISH","220150","2201","El Coca (Puerto Francisco de Orellana),cabecera Cantonal y Capital Provincial","URBAN"
"PARISH","220151","2201","Dayuma","RURAL"
"PARISH","220152","2201","Taracoa","RURAL"
"PARISH","220153","2201","Alejandro Labaka","RURAL"
"PARISH","220154","2201","El Dorado","RURAL"
"PARISH","220155","2201","El Edén","RURAL"
"PARISH","220156","2201","García Moreno","RURAL"
"PARISH","220157","2201","Inés Arango (Cab. en Western)","RURAL"
"PARISH","220158","2201","La Belleza","RURAL"
"PARISH","220159","2201","Nuevo Paraíso (Cab. en Unión Chimborazo)","RURAL"
"PARISH","220160","2201","San José de Guayusa","RURAL"
"PARISH","220161","2201","San Luis de Armenia","RURAL"
"PARISH","220201","2202","Nuevo Rocafuerte","URBAN"
"PARISH","220202","2202","Tiputini","URBAN"
"PARISH","220250","2202","Nuevo Rocafuerte","URBAN"
"PARISH","220251","2202","Capitán Augusto Rivadeneyra","RURAL"
"PARISH","220252","2202","Cononaco","RURAL"
"PARISH","220253","2202","Santa María de Huiririma","RURAL"
"PARISH","220255","2202","Yasuní","RURAL"
"PARISH","220350","2203","La Joya de los Sachas","URBAN"
"PARISH","220351","2203","Enokanqui (Cab. en El Paraíso)","RURAL"
"PARISH","220352","2203","Pompeya","RURAL"
"PARISH","220353","2203","San Carlos","RURAL"
"PARISH","220354","2203","San Sebastián del Coca","RURAL"
"PARISH","220355","2203","Lago San Pedro","RURAL"
"PARISH","220356","2203","Rumipamba","RURAL"
"PARISH","220357","2203","Tres de Noviembre","RURAL"
"PARISH","220358","2203","Unión Milagreña","RURAL"
"PARISH","220450","2204","Loreto","URBAN"
"PARISH","220451","2204","Ávila (Cab. en Huiruno)","RURAL"
"PARISH","220452","2204","Puerto Murialdo","RURAL"
"PARISH","220453","2204","San José de Payamino","RURAL"
"PARISH","220454","2204","San José de Dahuano","RURAL"
"PARISH","220455","2204","San Vicente de Huaticocha","RURAL"
"PARISH","230101","2301","Abraham Calazacón","URBAN"
"PARISH","230102","2301","Bombolí","URBAN"
"PARISH","230103","2301","Chiguilpe","URBAN"
"PARISH","230104","2301","Río Toachi","URBAN"
"PARISH","230105","2301","Río Verde","URBAN"
"PARISH","230106","2301","Santo Domingo de los Colorados","URBAN"
"PARISH","230107","2301","Zaracay","URBAN"
"PARISH","230150","2301","Santo Domingo de los Colorados","URBAN"
"PARISH","230151","2301","Alluriquín","RURAL"
"PARISH","230152","2301","Puerto Limón","RURAL"
"PARISH","230153","2301","Luz de América","RURAL"
"PARISH","230154","2301","San Jacinto del Búa","RURAL"
"PARISH","230155","2301","Valle Hermoso","RURAL"
"PARISH","230156","2301","El Esfuerzo","RURAL"
"PARISH","230157","2301","Santa María del Toachi","RURAL"
"PARISH","230250","2302","La Concordia","URBAN"
"PARISH","230251","2302","Monterrey","RURAL"
"PARISH","230252","2302","La Villegas","RURAL"
"PARISH","230253","2302","Plan Piloto","RURAL"
"PARISH","240101","2401","Ballenita","URBAN"
"PARISH","240102","2401","Santa Elena","URBAN"
"PARISH","240150","2401","Santa Elena","URBAN"
"PARISH","240151","2401","Atahualpa","RURAL"
"PARISH","240152","2401","Colonche","RURAL"
"PARISH","240153","2401","Chanduy","RURAL"
"PARISH","240154","2401","Manglaralto","RURAL"
"PARISH","240155","2401","Simón Bolívar","RURAL"
"PARISH","240156","2401","San José de Ancón","RURAL"
"PARISH","240250","2402","La Libertad","URBAN"
"PARISH","240301","2403","Carlos Espinoza Larrea","URBAN"
"PARISH","240302","2403","General Alberto Enríquez Gallo","URBAN"
"PARISH","240303","2403","Vicente Rocafuerte","URBAN"
"PARISH","240304","2403","Santa Rosa","URBAN"
"PARISH","240350","2403","Salinas","URBAN"
"PARISH","240351","2403","Anconcito","RURAL"
"PARISH","240352","2403","José Luis Tamayo","RURAL"
